{"text": " 10, 9, 8, 7, 6, 5, 4, 3, 2, 1, 0", "segments": [{"id": 0, "seek": 0, "start": 0.0, "end": 10.72, "text": " 10, 9, 8, 7, 6, 5, 4, 3, 2, 1, 0", "tokens": [50364, 1266, 11, 1722, 11, 1649, 11, 1614, 11, 1386, 11, 1025, 11, 1017, 11, 805, 11, 568, 11, 502, 11, 1958, 50900], "temperature": 0.0, "avg_logprob": -0.23808789253234863, "compression_ratio": 0.8648648648648649, "no_speech_prob": 0.09754016250371933}], "language": "en"}